,Date,Close,Anzahl
0,2021-01-04,17.25,1483
1,2021-01-05,17.370001,1144
2,2021-01-06,18.360001,1063
3,2021-01-07,18.08,929
4,2021-01-08,17.690001,983
5,2021-01-11,19.940001,2269
6,2021-01-12,19.950001,1095
7,2021-01-13,31.4,11033
8,2021-01-14,39.91,14909
9,2021-01-15,35.5,15063
10,2021-01-19,39.360001,9616
11,2021-01-20,39.119999,7540
12,2021-01-21,43.029999,9469
13,2021-01-22,65.010002,18264
14,2021-01-25,76.790001,18264
15,2021-01-26,147.979996,18264
16,2021-01-27,347.51001,53758
17,2021-01-28,193.600006,97039
18,2021-01-29,325.0,73110
19,2021-02-01,225.0,55273
20,2021-02-02,90.0,49816
21,2021-02-03,92.410004,18533
22,2021-02-04,53.5,18533
23,2021-02-05,63.77,18533
24,2021-02-08,60.0,5998
25,2021-02-09,50.310001,6480
26,2021-02-10,51.200001,8661
27,2021-02-11,51.099998,8208
28,2021-02-12,52.400002,4787
29,2021-02-16,49.509998,1692
30,2021-02-17,45.939999,1781
31,2021-02-18,40.689999,6862
32,2021-02-19,40.59,4458
33,2021-02-22,46.0,6045
34,2021-02-23,44.970001,4977
35,2021-02-24,91.709999,15472
36,2021-02-25,108.730003,32974
37,2021-02-26,101.739998,19660
38,2021-03-01,120.400002,19660
39,2021-03-02,118.18,11579
40,2021-03-03,124.18,17529
41,2021-03-04,132.350006,9508
42,2021-03-05,137.740005,149
43,2021-03-08,194.5,8032
44,2021-03-09,246.899994,12406
45,2021-03-10,265.0,19337
46,2021-03-11,260.0,10743
47,2021-03-12,264.5,9273
48,2021-03-15,220.139999,10228
49,2021-03-16,208.169998,9735
50,2021-03-17,209.809998,4582
51,2021-03-18,201.75,4582
52,2021-03-19,200.270004,4582
53,2021-03-22,194.490005,4582
54,2021-03-23,181.75,4582
55,2021-03-24,120.339996,4582
56,2021-03-25,183.75,4582
57,2021-03-26,181.0,4582
58,2021-03-29,181.300003,4405
59,2021-03-30,194.460007,5165
60,2021-03-31,189.820007,3648
61,2021-04-01,191.449997,3458
62,2021-04-05,186.949997,4230
63,2021-04-06,184.5,2727
64,2021-04-07,177.970001,2682
65,2021-04-08,170.259995,3571
66,2021-04-09,158.360001,3209
67,2021-04-12,141.089996,3209
68,2021-04-13,140.990005,3209
69,2021-04-14,166.529999,4182
70,2021-04-15,156.440002,3134
71,2021-04-16,154.690002,4716
72,2021-04-19,164.369995,3190
73,2021-04-20,158.529999,1024
74,2021-04-21,158.509995,978
75,2021-04-22,151.169998,928
76,2021-04-23,151.179993,1077
77,2021-04-26,168.929993,2494
78,2021-04-27,177.770004,2203
79,2021-04-28,178.580002,1152
80,2021-04-29,176.190002,1069
81,2021-04-30,173.589996,926
82,2021-05-03,162.199997,775
83,2021-05-04,160.729996,710
84,2021-05-05,159.479996,1366
85,2021-05-06,161.009995,2317
86,2021-05-07,161.110001,1050
87,2021-05-10,143.220001,1101
88,2021-05-11,146.919998,1189
