Datum,Anzahl
2020-12-31,51
2021-01-01,666
2021-01-02,860
2021-01-03,518
2021-01-04,1483
2021-01-05,1144
2021-01-06,1063
2021-01-07,929
2021-01-08,983
2021-01-09,332
2021-01-10,576
2021-01-11,2269
2021-01-12,1095
2021-01-13,11033
2021-01-14,14909
2021-01-15,15063
2021-01-16,3709
2021-01-17,2887
2021-01-18,4891
2021-01-19,9616
2021-01-20,7540
2021-01-21,9469
2021-01-22,18264
2021-01-23,10009
2021-01-24,2983
2021-01-25,2705
2021-01-26,2705
2021-01-27,53758
2021-01-28,97039
2021-01-29,73110
2021-01-30,49807
2021-01-31,46692
2021-02-01,55273
2021-02-02,49816
2021-02-03,18533
2021-02-04,2705
2021-02-05,2705
2021-02-06,2705
2021-02-07,172
2021-02-08,5998
2021-02-09,6480
2021-02-10,8661
2021-02-11,8208
2021-02-12,4787
2021-02-13,2566
2021-02-14,1823
2021-02-15,1563
2021-02-16,1692
2021-02-17,1781
2021-02-18,6862
2021-02-19,4458
2021-02-20,3575
2021-02-21,3002
2021-02-22,6045
2021-02-23,4977
2021-02-24,15472
2021-02-25,32974
2021-02-26,19660
2021-02-27,1764
2021-02-28,2705
2021-03-01,2705
2021-03-02,11579
2021-03-03,17529
2021-03-04,9508
2021-03-05,149
2021-03-06,2705
2021-03-07,501
2021-03-08,8032
2021-03-09,12406
2021-03-10,19337
2021-03-11,10743
2021-03-12,9273
2021-03-13,2933
2021-03-14,3435
2021-03-15,10228
2021-03-16,9735
2021-03-17,4582
2021-03-18,2705
2021-03-19,2705
2021-03-20,2705
2021-03-21,2705
2021-03-22,2705
2021-03-23,2705
2021-03-24,2705
2021-03-25,2705
2021-03-26,2705
2021-03-27,398
2021-03-28,1464
2021-03-29,4405
2021-03-30,5165
2021-03-31,3648
2021-04-01,3458
2021-04-02,1088
2021-04-03,807
2021-04-04,721
2021-04-05,4230
2021-04-06,2727
2021-04-07,2682
2021-04-08,3571
2021-04-09,3209
2021-04-10,2705
2021-04-11,2705
2021-04-12,2705
2021-04-13,2705
2021-04-14,4182
2021-04-15,3134
2021-04-16,4716
2021-04-17,1612
2021-04-18,975
2021-04-19,3190
2021-04-20,1024
2021-04-21,978
2021-04-22,928
2021-04-23,1077
2021-04-24,542
2021-04-25,429
2021-04-26,2494
2021-04-27,2203
2021-04-28,1152
2021-04-29,1069
2021-04-30,926
2021-05-01,417
2021-05-02,478
2021-05-03,775
2021-05-04,710
2021-05-05,1366
2021-05-06,2317
2021-05-07,1050
2021-05-08,578
2021-05-09,445
2021-05-10,1101
2021-05-11,1189
2021-05-12,1102
2021-05-13,1715
2021-05-14,1317
2021-05-15,463
2021-05-16,239
2021-05-17,1714
2021-05-18,1930
